{"cameraMode":{"drawMode":0,"name":"Shaded","section":"Shading Mode"},"sceneLighting":false,"audioPlay":false,"sceneViewState":{"showFog":false,"showMaterialUpdate":false,"showSkybox":false,"showFlares":false,"showImageEffects":false,"showParticleSystems":false,"showVisualEffectGraphs":true,"m_FxEnabled":true},"in2DMode":false,"pivot":{"x":0.008284170180559159,"y":0.03845912963151932,"z":0.008085831999778748},"rotation":{"x":0.1627194583415985,"y":0.026928473263978959,"z":-0.004452104680240154,"w":0.9863394498825073},"size":0.06840776652097702,"orthographic":true}